date,open,high,low,close,volume
2025-04-28 09:15:00+05:30,24070.25,24152.2,24054.05,24131.55,0
2025-04-28 09:20:00+05:30,24130.15,24138.15,24082.1,24090.7,0
2025-04-28 09:25:00+05:30,24089.5,24136.2,24082.75,24117.95,0
2025-04-28 09:30:00+05:30,24117.05,24185.85,24108.65,24184.3,0
2025-04-28 09:35:00+05:30,24184.0,24227.8,24177.65,24221.65,0
2025-04-28 09:40:00+05:30,24222.7,24226.2,24173.45,24176.6,0
2025-04-28 09:45:00+05:30,24175.75,24216.8,24175.75,24188.1,0
2025-04-28 09:50:00+05:30,24186.7,24207.9,24174.3,24196.8,0
2025-04-28 09:55:00+05:30,24197.5,24231.95,24183.0,24229.3,0
2025-04-28 10:00:00+05:30,24228.6,24236.15,24217.8,24229.8,0
2025-04-28 10:05:00+05:30,24229.45,24266.55,24229.45,24265.25,0
2025-04-28 10:10:00+05:30,24264.8,24279.3,24252.9,24275.85,0
2025-04-28 10:15:00+05:30,24276.0,24283.0,24265.3,24275.45,0
2025-04-28 10:20:00+05:30,24275.55,24280.2,24238.0,24245.55,0
2025-04-28 10:25:00+05:30,24245.5,24263.0,24229.35,24236.85,0
2025-04-28 10:30:00+05:30,24238.05,24263.15,24237.7,24254.6,0
2025-04-28 10:35:00+05:30,24254.25,24262.65,24240.9,24259.15,0
2025-04-28 10:40:00+05:30,24258.1,24259.05,24244.1,24245.35,0
2025-04-28 10:45:00+05:30,24245.45,24263.85,24242.8,24258.95,0
2025-04-28 10:50:00+05:30,24257.9,24282.9,24252.9,24272.45,0
2025-04-28 10:55:00+05:30,24271.85,24280.4,24263.2,24276.9,0
2025-04-28 11:00:00+05:30,24276.75,24278.6,24262.9,24268.5,0
2025-04-28 11:05:00+05:30,24267.95,24282.2,24258.3,24278.6,0
2025-04-28 11:10:00+05:30,24279.2,24280.5,24227.75,24235.0,0
2025-04-28 11:15:00+05:30,24236.2,24244.15,24210.75,24226.0,0
2025-04-28 11:20:00+05:30,24225.1,24246.25,24222.4,24229.25,0
2025-04-28 11:25:00+05:30,24228.8,24253.7,24227.05,24252.9,0
2025-04-28 11:30:00+05:30,24253.95,24265.85,24248.65,24265.25,0
2025-04-28 11:35:00+05:30,24264.9,24270.9,24260.45,24265.95,0
2025-04-28 11:40:00+05:30,24265.05,24280.45,24265.0,24276.55,0
2025-04-28 11:45:00+05:30,24277.45,24285.4,24267.95,24270.55,0
2025-04-28 11:50:00+05:30,24270.7,24288.8,24270.7,24272.55,0
2025-04-28 11:55:00+05:30,24272.35,24275.25,24261.3,24271.5,0
2025-04-28 12:00:00+05:30,24271.6,24291.65,24271.6,24282.8,0
2025-04-28 12:05:00+05:30,24285.05,24297.9,24272.15,24275.2,0
2025-04-28 12:10:00+05:30,24278.8,24296.5,24274.1,24289.65,0
2025-04-28 12:15:00+05:30,24292.3,24329.35,24286.95,24327.65,0
2025-04-28 12:20:00+05:30,24329.75,24336.2,24320.5,24321.3,0
2025-04-28 12:25:00+05:30,24325.65,24346.55,24320.1,24344.85,0
2025-04-28 12:30:00+05:30,24347.45,24352.1,24336.2,24343.7,0
2025-04-28 12:35:00+05:30,24346.7,24347.75,24331.9,24340.95,0
2025-04-28 12:40:00+05:30,24345.25,24345.25,24326.6,24336.45,0
2025-04-28 12:45:00+05:30,24339.5,24343.4,24333.15,24336.15,0
2025-04-28 12:50:00+05:30,24338.65,24345.25,24334.9,24335.9,0
2025-04-28 12:55:00+05:30,24338.2,24355.1,24332.15,24348.75,0
2025-04-28 13:00:00+05:30,24350.7,24352.5,24326.7,24330.9,0
2025-04-28 13:05:00+05:30,24334.7,24341.5,24313.5,24338.95,0
2025-04-28 13:10:00+05:30,24338.95,24349.3,24328.25,24339.0,0
2025-04-28 13:15:00+05:30,24341.85,24351.55,24328.7,24329.15,0
2025-04-28 13:20:00+05:30,24330.7,24336.05,24319.9,24333.75,0
2025-04-28 13:25:00+05:30,24333.75,24336.4,24323.15,24331.9,0
2025-04-28 13:30:00+05:30,24335.1,24342.05,24323.2,24337.75,0
2025-04-28 13:35:00+05:30,24339.6,24347.1,24323.35,24335.15,0
2025-04-28 13:40:00+05:30,24338.55,24343.6,24334.5,24341.95,0
2025-04-28 13:45:00+05:30,24344.6,24351.6,24341.7,24347.1,0
2025-04-28 13:50:00+05:30,24348.75,24351.55,24329.9,24333.15,0
2025-04-28 13:55:00+05:30,24336.55,24337.65,24325.9,24332.0,0
2025-04-28 14:00:00+05:30,24335.85,24339.2,24328.3,24332.55,0
2025-04-28 14:05:00+05:30,24333.85,24343.05,24331.6,24334.05,0
2025-04-28 14:10:00+05:30,24336.95,24352.3,24333.8,24350.6,0
2025-04-28 14:15:00+05:30,24352.6,24353.7,24326.05,24327.0,0
2025-04-28 14:20:00+05:30,24328.3,24328.35,24304.7,24304.7,0
2025-04-28 14:25:00+05:30,24308.3,24314.9,24293.55,24305.05,0
2025-04-28 14:30:00+05:30,24308.0,24321.65,24302.8,24302.8,0
2025-04-28 14:35:00+05:30,24305.4,24305.4,24280.9,24281.55,0
2025-04-28 14:40:00+05:30,24284.05,24284.05,24265.45,24273.65,0
2025-04-28 14:45:00+05:30,24276.45,24283.75,24260.9,24281.2,0
2025-04-28 14:50:00+05:30,24283.25,24313.6,24277.85,24311.8,0
2025-04-28 14:55:00+05:30,24313.55,24325.6,24306.3,24318.45,0
2025-04-28 15:00:00+05:30,24322.2,24341.3,24320.6,24327.95,0
2025-04-28 15:05:00+05:30,24329.9,24330.25,24311.85,24314.2,0
2025-04-28 15:10:00+05:30,24314.6,24327.95,24312.9,24324.1,0
2025-04-28 15:15:00+05:30,24325.6,24337.2,24325.25,24335.8,0
2025-04-28 15:20:00+05:30,24336.5,24337.75,24322.05,24322.45,0
2025-04-28 15:25:00+05:30,24322.4,24330.05,24309.55,24312.9,0
2025-04-29 09:15:00+05:30,24370.7,24442.25,24364.35,24439.25,0
2025-04-29 09:20:00+05:30,24438.5,24455.05,24424.5,24453.7,0
2025-04-29 09:25:00+05:30,24453.6,24457.65,24413.3,24417.1,0
2025-04-29 09:30:00+05:30,24418.25,24452.9,24393.55,24440.2,0
2025-04-29 09:35:00+05:30,24440.85,24442.5,24359.2,24369.45,0
2025-04-29 09:40:00+05:30,24370.1,24387.05,24303.9,24316.6,0
2025-04-29 09:45:00+05:30,24317.85,24364.5,24308.1,24315.55,0
2025-04-29 09:50:00+05:30,24316.75,24340.05,24290.75,24329.1,0
2025-04-29 09:55:00+05:30,24330.15,24395.0,24326.5,24390.25,0
2025-04-29 10:00:00+05:30,24390.0,24396.15,24362.2,24378.3,0
2025-04-29 10:05:00+05:30,24379.15,24379.75,24333.8,24344.65,0
2025-04-29 10:10:00+05:30,24345.2,24365.1,24338.55,24351.55,0
2025-04-29 10:15:00+05:30,24351.3,24354.1,24319.0,24319.0,0
2025-04-29 10:20:00+05:30,24318.1,24347.1,24317.4,24346.4,0
2025-04-29 10:25:00+05:30,24346.45,24348.15,24311.3,24317.8,0
2025-04-29 10:30:00+05:30,24318.85,24329.7,24305.5,24314.95,0
2025-04-29 10:35:00+05:30,24316.2,24335.25,24314.55,24331.5,0
2025-04-29 10:40:00+05:30,24331.55,24333.9,24312.8,24321.5,0
2025-04-29 10:45:00+05:30,24321.85,24352.35,24317.95,24350.7,0
2025-04-29 10:50:00+05:30,24349.85,24353.7,24328.45,24330.85,0
2025-04-29 10:55:00+05:30,24330.25,24349.95,24330.25,24333.8,0
2025-04-29 11:00:00+05:30,24334.7,24351.9,24332.8,24351.9,0
2025-04-29 11:05:00+05:30,24353.05,24369.85,24351.9,24367.1,0
2025-04-29 11:10:00+05:30,24367.25,24369.7,24350.6,24356.05,0
2025-04-29 11:15:00+05:30,24356.55,24358.5,24338.95,24348.8,0
2025-04-29 11:20:00+05:30,24348.3,24360.35,24347.05,24348.95,0
2025-04-29 11:25:00+05:30,24349.05,24358.75,24347.6,24349.25,0
2025-04-29 11:30:00+05:30,24348.65,24351.6,24334.95,24347.65,0
2025-04-29 11:35:00+05:30,24347.95,24353.6,24341.6,24346.45,0
2025-04-29 11:40:00+05:30,24346.7,24356.8,24342.2,24354.4,0
2025-04-29 11:45:00+05:30,24354.65,24355.8,24335.3,24340.15,0
2025-04-29 11:50:00+05:30,24340.8,24340.85,24321.0,24322.95,0
2025-04-29 11:55:00+05:30,24323.4,24329.1,24311.95,24313.25,0
2025-04-29 12:00:00+05:30,24313.4,24322.5,24302.45,24322.05,0
2025-04-29 12:05:00+05:30,24322.15,24323.75,24310.65,24315.5,0
2025-04-29 12:10:00+05:30,24315.5,24322.3,24309.2,24316.6,0
2025-04-29 12:15:00+05:30,24316.4,24321.6,24310.65,24313.1,0
2025-04-29 12:20:00+05:30,24315.1,24315.85,24304.1,24313.65,0
2025-04-29 12:25:00+05:30,24313.65,24317.25,24306.6,24309.75,0
2025-04-29 12:30:00+05:30,24309.25,24330.8,24309.15,24329.95,0
2025-04-29 12:35:00+05:30,24328.75,24347.95,24325.4,24341.35,0
2025-04-29 12:40:00+05:30,24341.35,24346.8,24336.4,24341.85,0
2025-04-29 12:45:00+05:30,24338.8,24344.85,24330.6,24339.55,0
2025-04-29 12:50:00+05:30,24339.15,24358.35,24336.45,24357.9,0
2025-04-29 12:55:00+05:30,24357.9,24363.55,24353.0,24358.95,0
2025-04-29 13:00:00+05:30,24358.25,24369.5,24352.2,24368.4,0
2025-04-29 13:05:00+05:30,24368.05,24368.5,24350.6,24360.1,0
2025-04-29 13:10:00+05:30,24359.4,24363.55,24353.5,24356.85,0
2025-04-29 13:15:00+05:30,24355.45,24359.35,24341.35,24354.1,0
2025-04-29 13:20:00+05:30,24352.2,24363.15,24346.55,24362.9,0
2025-04-29 13:25:00+05:30,24362.1,24376.05,24356.0,24366.05,0
2025-04-29 13:30:00+05:30,24366.65,24371.7,24361.45,24366.8,0
2025-04-29 13:35:00+05:30,24366.5,24368.8,24357.4,24366.15,0
2025-04-29 13:40:00+05:30,24367.15,24372.7,24351.0,24353.9,0
2025-04-29 13:45:00+05:30,24352.7,24366.95,24351.75,24363.45,0
2025-04-29 13:50:00+05:30,24364.0,24368.75,24355.1,24355.65,0
2025-04-29 13:55:00+05:30,24356.65,24363.4,24347.65,24358.25,0
2025-04-29 14:00:00+05:30,24360.15,24368.3,24356.85,24363.55,0
2025-04-29 14:05:00+05:30,24363.8,24375.5,24360.6,24365.2,0
2025-04-29 14:10:00+05:30,24365.35,24374.8,24360.25,24365.95,0
2025-04-29 14:15:00+05:30,24366.9,24368.3,24355.05,24361.65,0
2025-04-29 14:20:00+05:30,24361.9,24367.55,24356.25,24357.15,0
2025-04-29 14:25:00+05:30,24357.75,24359.7,24342.4,24346.0,0
2025-04-29 14:30:00+05:30,24346.45,24350.5,24339.0,24343.45,0
2025-04-29 14:35:00+05:30,24343.75,24361.95,24343.75,24348.1,0
2025-04-29 14:40:00+05:30,24348.8,24360.7,24347.2,24356.45,0
2025-04-29 14:45:00+05:30,24356.2,24357.95,24347.85,24352.95,0
2025-04-29 14:50:00+05:30,24353.35,24358.0,24344.85,24346.85,0
2025-04-29 14:55:00+05:30,24346.8,24355.7,24339.45,24340.2,0
2025-04-29 15:00:00+05:30,24340.55,24347.8,24325.2,24331.4,0
2025-04-29 15:05:00+05:30,24331.55,24336.5,24324.9,24332.7,0
2025-04-29 15:10:00+05:30,24332.6,24335.6,24324.45,24326.45,0
2025-04-29 15:15:00+05:30,24326.2,24341.45,24310.6,24339.65,0
2025-04-29 15:20:00+05:30,24338.85,24348.5,24325.85,24333.1,0
2025-04-29 15:25:00+05:30,24331.55,24340.85,24317.6,24325.45,0
2025-04-30 09:15:00+05:30,24342.05,24342.05,24268.8,24317.6,0
2025-04-30 09:20:00+05:30,24320.35,24332.45,24297.75,24308.05,0
2025-04-30 09:25:00+05:30,24306.9,24325.15,24279.9,24324.05,0
2025-04-30 09:30:00+05:30,24322.25,24352.5,24314.85,24338.05,0
2025-04-30 09:35:00+05:30,24338.4,24365.65,24319.55,24364.65,0
2025-04-30 09:40:00+05:30,24364.9,24365.7,24329.75,24348.5,0
2025-04-30 09:45:00+05:30,24346.3,24386.1,24346.3,24381.55,0
2025-04-30 09:50:00+05:30,24381.2,24395.2,24375.65,24386.15,0
2025-04-30 09:55:00+05:30,24386.95,24389.3,24361.15,24366.1,0
2025-04-30 10:00:00+05:30,24365.65,24371.95,24353.1,24353.8,0
2025-04-30 10:05:00+05:30,24353.7,24368.95,24353.45,24363.65,0
2025-04-30 10:10:00+05:30,24364.2,24366.55,24348.25,24353.75,0
2025-04-30 10:15:00+05:30,24353.8,24362.8,24347.9,24357.55,0
2025-04-30 10:20:00+05:30,24357.15,24362.95,24343.35,24358.15,0
2025-04-30 10:25:00+05:30,24357.95,24360.9,24330.55,24330.85,0
2025-04-30 10:30:00+05:30,24331.15,24334.1,24301.6,24311.35,0
2025-04-30 10:35:00+05:30,24311.25,24311.55,24290.4,24308.15,0
2025-04-30 10:40:00+05:30,24308.6,24326.7,24305.85,24321.2,0
2025-04-30 10:45:00+05:30,24321.5,24330.05,24317.9,24327.2,0
2025-04-30 10:50:00+05:30,24325.75,24330.35,24318.6,24325.05,0
2025-04-30 10:55:00+05:30,24324.7,24344.8,24324.7,24341.25,0
2025-04-30 11:00:00+05:30,24342.3,24354.45,24340.3,24352.05,0
2025-04-30 11:05:00+05:30,24351.75,24352.3,24328.1,24332.95,0
2025-04-30 11:10:00+05:30,24330.75,24336.6,24326.15,24329.95,0
2025-04-30 11:15:00+05:30,24330.5,24371.6,24329.55,24356.4,0
2025-04-30 11:20:00+05:30,24356.35,24358.9,24333.55,24333.95,0
2025-04-30 11:25:00+05:30,24334.85,24341.35,24329.05,24330.85,0
2025-04-30 11:30:00+05:30,24330.65,24335.15,24326.5,24328.15,0
2025-04-30 11:35:00+05:30,24327.55,24337.0,24326.45,24332.35,0
2025-04-30 11:40:00+05:30,24332.45,24337.85,24329.2,24332.3,0
2025-04-30 11:45:00+05:30,24331.9,24333.7,24313.55,24327.05,0
2025-04-30 11:50:00+05:30,24327.0,24337.65,24322.95,24333.95,0
2025-04-30 11:55:00+05:30,24333.0,24345.85,24331.35,24341.4,0
2025-04-30 12:00:00+05:30,24341.45,24350.95,24336.8,24346.95,0
2025-04-30 12:05:00+05:30,24346.65,24349.65,24340.15,24345.7,0
2025-04-30 12:10:00+05:30,24345.7,24353.7,24343.6,24344.95,0
2025-04-30 12:15:00+05:30,24344.3,24348.0,24339.45,24344.1,0
2025-04-30 12:20:00+05:30,24344.35,24351.75,24343.9,24349.7,0
2025-04-30 12:25:00+05:30,24349.9,24365.0,24349.4,24349.7,0
2025-04-30 12:30:00+05:30,24349.55,24363.75,24342.4,24359.85,0
2025-04-30 12:35:00+05:30,24359.65,24361.85,24352.05,24356.35,0
2025-04-30 12:40:00+05:30,24356.35,24361.1,24353.0,24356.5,0
2025-04-30 12:45:00+05:30,24357.1,24360.1,24349.6,24351.05,0
2025-04-30 12:50:00+05:30,24351.45,24359.6,24349.95,24354.75,0
2025-04-30 12:55:00+05:30,24354.55,24358.95,24339.7,24340.2,0
2025-04-30 13:00:00+05:30,24339.85,24342.4,24328.8,24333.25,0
2025-04-30 13:05:00+05:30,24332.8,24338.5,24326.7,24335.4,0
2025-04-30 13:10:00+05:30,24334.65,24338.35,24330.55,24333.8,0
2025-04-30 13:15:00+05:30,24333.75,24338.65,24327.45,24331.9,0
2025-04-30 13:20:00+05:30,24331.85,24339.05,24330.2,24333.15,0
2025-04-30 13:25:00+05:30,24333.15,24343.1,24329.6,24332.7,0
2025-04-30 13:30:00+05:30,24333.25,24343.05,24332.5,24338.4,0
2025-04-30 13:35:00+05:30,24338.6,24349.85,24336.6,24346.65,0
2025-04-30 13:40:00+05:30,24346.2,24350.8,24344.25,24349.5,0
2025-04-30 13:45:00+05:30,24348.8,24353.25,24344.95,24346.6,0
2025-04-30 13:50:00+05:30,24346.7,24351.85,24336.65,24336.65,0
2025-04-30 13:55:00+05:30,24336.85,24349.1,24334.55,24347.1,0
2025-04-30 14:00:00+05:30,24347.75,24351.55,24343.0,24344.4,0
2025-04-30 14:05:00+05:30,24344.55,24348.45,24337.6,24338.35,0
2025-04-30 14:10:00+05:30,24338.6,24342.75,24335.55,24340.65,0
2025-04-30 14:15:00+05:30,24340.0,24343.1,24335.95,24336.15,0
2025-04-30 14:20:00+05:30,24336.3,24341.05,24336.15,24336.5,0
2025-04-30 14:25:00+05:30,24336.4,24338.3,24331.4,24336.8,0
2025-04-30 14:30:00+05:30,24336.05,24339.3,24324.15,24326.4,0
2025-04-30 14:35:00+05:30,24326.65,24342.75,24325.7,24340.1,0
2025-04-30 14:40:00+05:30,24340.5,24344.25,24333.95,24339.5,0
2025-04-30 14:45:00+05:30,24338.85,24358.8,24338.3,24353.65,0
2025-04-30 14:50:00+05:30,24353.8,24377.6,24353.55,24376.7,0
2025-04-30 14:55:00+05:30,24376.75,24388.8,24354.85,24367.3,0
2025-04-30 15:00:00+05:30,24368.6,24396.15,24364.95,24370.3,0
2025-04-30 15:05:00+05:30,24370.35,24385.8,24370.35,24379.75,0
2025-04-30 15:10:00+05:30,24379.35,24381.0,24348.45,24348.85,0
2025-04-30 15:15:00+05:30,24349.8,24353.15,24322.15,24324.0,0
2025-04-30 15:20:00+05:30,24323.75,24325.1,24289.95,24292.05,0
2025-04-30 15:25:00+05:30,24293.0,24293.0,24198.75,24246.25,0
2025-05-02 09:15:00+05:30,24311.9,24444.85,24305.85,24410.5,0
2025-05-02 09:20:00+05:30,24410.3,24429.55,24385.9,24403.65,0
2025-05-02 09:25:00+05:30,24401.75,24488.5,24399.0,24487.6,0
2025-05-02 09:30:00+05:30,24487.1,24534.0,24485.35,24525.0,0
2025-05-02 09:35:00+05:30,24525.5,24538.85,24504.65,24537.7,0
2025-05-02 09:40:00+05:30,24538.0,24551.25,24514.55,24529.85,0
2025-05-02 09:45:00+05:30,24530.6,24557.75,24516.7,24547.8,0
2025-05-02 09:50:00+05:30,24546.95,24558.65,24530.3,24556.6,0
2025-05-02 09:55:00+05:30,24556.5,24576.15,24555.4,24572.0,0
2025-05-02 10:00:00+05:30,24571.2,24589.15,24558.35,24568.3,0
2025-05-02 10:05:00+05:30,24569.15,24582.05,24558.85,24578.4,0
2025-05-02 10:10:00+05:30,24579.45,24588.0,24570.8,24581.95,0
2025-05-02 10:15:00+05:30,24581.85,24587.25,24556.3,24556.3,0
2025-05-02 10:20:00+05:30,24554.6,24564.65,24544.0,24551.3,0
2025-05-02 10:25:00+05:30,24549.5,24556.9,24520.7,24520.7,0
2025-05-02 10:30:00+05:30,24521.35,24524.45,24484.75,24492.3,0
2025-05-02 10:35:00+05:30,24492.9,24526.85,24468.6,24520.7,0
2025-05-02 10:40:00+05:30,24521.8,24531.15,24501.45,24502.05,0
2025-05-02 10:45:00+05:30,24502.5,24507.2,24481.5,24486.3,0
2025-05-02 10:50:00+05:30,24484.85,24492.25,24425.95,24427.4,0
2025-05-02 10:55:00+05:30,24427.0,24447.85,24410.45,24432.0,0
2025-05-02 11:00:00+05:30,24431.7,24445.3,24421.6,24422.1,0
2025-05-02 11:05:00+05:30,24422.05,24440.55,24419.65,24429.6,0
2025-05-02 11:10:00+05:30,24429.85,24433.7,24404.7,24422.9,0
2025-05-02 11:15:00+05:30,24424.65,24443.05,24407.85,24408.75,0
2025-05-02 11:20:00+05:30,24408.65,24410.2,24373.1,24373.1,0
2025-05-02 11:25:00+05:30,24374.2,24398.3,24371.2,24387.3,0
2025-05-02 11:30:00+05:30,24387.25,24387.95,24319.75,24324.5,0
2025-05-02 11:35:00+05:30,24325.1,24351.3,24325.1,24346.15,0
2025-05-02 11:40:00+05:30,24346.2,24367.5,24332.15,24336.1,0
2025-05-02 11:45:00+05:30,24336.05,24348.8,24328.55,24338.3,0
2025-05-02 11:50:00+05:30,24337.95,24350.0,24326.35,24349.55,0
2025-05-02 11:55:00+05:30,24350.5,24365.0,24348.0,24354.7,0
2025-05-02 12:00:00+05:30,24354.6,24355.8,24330.6,24334.55,0
2025-05-02 12:05:00+05:30,24334.05,24334.05,24299.8,24316.9,0
2025-05-02 12:10:00+05:30,24317.4,24324.55,24306.35,24315.0,0
2025-05-02 12:15:00+05:30,24314.05,24314.15,24281.4,24294.15,0
2025-05-02 12:20:00+05:30,24294.1,24303.9,24290.4,24303.0,0
2025-05-02 12:25:00+05:30,24302.55,24302.75,24238.5,24242.75,0
2025-05-02 12:30:00+05:30,24241.85,24265.7,24241.85,24260.5,0
2025-05-02 12:35:00+05:30,24260.05,24275.2,24258.85,24267.1,0
2025-05-02 12:40:00+05:30,24266.5,24283.65,24241.0,24283.3,0
2025-05-02 12:45:00+05:30,24282.8,24310.85,24282.8,24295.85,0
2025-05-02 12:50:00+05:30,24295.1,24306.2,24280.65,24286.65,0
2025-05-02 12:55:00+05:30,24287.65,24304.45,24282.3,24282.95,0
2025-05-02 13:00:00+05:30,24282.85,24301.9,24266.2,24285.0,0
2025-05-02 13:05:00+05:30,24284.2,24310.1,24279.65,24299.9,0
2025-05-02 13:10:00+05:30,24299.9,24302.4,24286.45,24297.0,0
2025-05-02 13:15:00+05:30,24297.05,24351.85,24296.25,24344.3,0
2025-05-02 13:20:00+05:30,24343.2,24359.8,24333.5,24354.1,0
2025-05-02 13:25:00+05:30,24354.1,24368.85,24349.65,24364.8,0
2025-05-02 13:30:00+05:30,24364.75,24412.2,24363.1,24394.5,0
2025-05-02 13:35:00+05:30,24393.85,24400.95,24379.6,24399.45,0
2025-05-02 13:40:00+05:30,24399.45,24399.9,24375.2,24392.35,0
2025-05-02 13:45:00+05:30,24391.95,24405.8,24386.9,24394.35,0
2025-05-02 13:50:00+05:30,24394.25,24402.45,24384.3,24397.05,0
2025-05-02 13:55:00+05:30,24397.05,24404.85,24374.55,24378.8,0
2025-05-02 14:00:00+05:30,24378.5,24394.4,24359.65,24394.4,0
2025-05-02 14:05:00+05:30,24393.7,24399.65,24385.35,24392.35,0
2025-05-02 14:10:00+05:30,24391.15,24400.65,24359.0,24373.55,0
2025-05-02 14:15:00+05:30,24372.45,24389.2,24363.95,24369.0,0
2025-05-02 14:20:00+05:30,24367.45,24376.1,24337.5,24342.4,0
2025-05-02 14:25:00+05:30,24341.75,24343.0,24304.6,24306.25,0
2025-05-02 14:30:00+05:30,24306.75,24318.3,24291.95,24299.15,0
2025-05-02 14:35:00+05:30,24299.95,24316.25,24286.9,24316.25,0
2025-05-02 14:40:00+05:30,24315.4,24332.25,24313.3,24326.65,0
2025-05-02 14:45:00+05:30,24325.35,24356.35,24319.1,24348.4,0
2025-05-02 14:50:00+05:30,24348.05,24372.65,24347.55,24372.4,0
2025-05-02 14:55:00+05:30,24371.65,24381.8,24366.3,24373.95,0
2025-05-02 15:00:00+05:30,24373.4,24397.75,24354.25,24354.25,0
2025-05-02 15:05:00+05:30,24353.95,24363.6,24338.15,24354.95,0
2025-05-02 15:10:00+05:30,24354.85,24367.15,24348.4,24367.15,0
2025-05-02 15:15:00+05:30,24365.45,24368.15,24322.7,24329.9,0
2025-05-02 15:20:00+05:30,24329.05,24342.7,24326.2,24333.15,0
2025-05-02 15:25:00+05:30,24331.45,24334.55,24309.85,24313.65,0
2025-05-05 09:15:00+05:30,24419.5,24460.75,24400.65,24436.9,0
2025-05-05 09:20:00+05:30,24435.8,24451.2,24414.65,24447.05,0
2025-05-05 09:25:00+05:30,24446.5,24477.9,24429.8,24443.15,0
2025-05-05 09:30:00+05:30,24442.25,24452.15,24403.1,24414.05,0
2025-05-05 09:35:00+05:30,24415.05,24446.8,24414.5,24423.65,0
2025-05-05 09:40:00+05:30,24424.35,24452.45,24421.1,24449.15,0
2025-05-05 09:45:00+05:30,24449.8,24466.25,24439.4,24454.0,0
2025-05-05 09:50:00+05:30,24454.6,24496.55,24449.4,24493.75,0
2025-05-05 09:55:00+05:30,24491.9,24505.6,24480.2,24503.65,0
2025-05-05 10:00:00+05:30,24504.2,24511.3,24475.25,24480.25,0
2025-05-05 10:05:00+05:30,24480.3,24493.85,24464.0,24489.0,0
2025-05-05 10:10:00+05:30,24489.15,24491.85,24467.85,24479.1,0
2025-05-05 10:15:00+05:30,24479.8,24491.3,24468.3,24485.85,0
2025-05-05 10:20:00+05:30,24487.75,24499.5,24475.75,24477.05,0
2025-05-05 10:25:00+05:30,24475.9,24500.25,24475.7,24479.55,0
2025-05-05 10:30:00+05:30,24480.2,24509.7,24480.2,24504.05,0
2025-05-05 10:35:00+05:30,24504.15,24520.95,24501.6,24509.85,0
2025-05-05 10:40:00+05:30,24508.8,24526.4,24508.7,24522.65,0
2025-05-05 10:45:00+05:30,24521.6,24523.55,24508.05,24519.75,0
2025-05-05 10:50:00+05:30,24519.25,24520.0,24493.5,24493.5,0
2025-05-05 10:55:00+05:30,24493.7,24496.55,24460.45,24471.1,0
2025-05-05 11:00:00+05:30,24472.0,24480.8,24464.5,24467.05,0
2025-05-05 11:05:00+05:30,24466.8,24475.85,24459.65,24472.95,0
2025-05-05 11:10:00+05:30,24473.65,24488.8,24468.6,24486.2,0
2025-05-05 11:15:00+05:30,24487.2,24495.9,24468.75,24470.35,0
2025-05-05 11:20:00+05:30,24470.65,24488.8,24467.05,24484.4,0
2025-05-05 11:25:00+05:30,24484.95,24485.15,24464.3,24465.35,0
2025-05-05 11:30:00+05:30,24465.5,24481.6,24463.3,24475.85,0
2025-05-05 11:35:00+05:30,24475.25,24476.8,24446.6,24453.05,0
2025-05-05 11:40:00+05:30,24453.15,24453.65,24436.15,24447.05,0
2025-05-05 11:45:00+05:30,24447.25,24449.5,24429.2,24434.6,0
2025-05-05 11:50:00+05:30,24434.55,24443.6,24414.45,24422.8,0
2025-05-05 11:55:00+05:30,24423.1,24446.35,24418.75,24445.4,0
2025-05-05 12:00:00+05:30,24444.9,24459.75,24437.65,24449.6,0
2025-05-05 12:05:00+05:30,24449.35,24453.35,24440.85,24445.0,0
2025-05-05 12:10:00+05:30,24444.85,24450.6,24438.9,24448.7,0
2025-05-05 12:15:00+05:30,24448.45,24450.0,24430.8,24432.8,0
2025-05-05 12:20:00+05:30,24432.7,24446.2,24430.0,24439.2,0
2025-05-05 12:25:00+05:30,24437.95,24457.5,24432.45,24457.35,0
2025-05-05 12:30:00+05:30,24457.4,24460.6,24447.65,24454.5,0
2025-05-05 12:35:00+05:30,24455.2,24460.5,24442.9,24452.45,0
2025-05-05 12:40:00+05:30,24451.5,24457.15,24443.3,24456.1,0
2025-05-05 12:45:00+05:30,24455.65,24456.1,24441.7,24454.7,0
2025-05-05 12:50:00+05:30,24454.4,24470.45,24451.5,24469.75,0
2025-05-05 12:55:00+05:30,24469.65,24475.95,24466.15,24474.3,0
2025-05-05 13:00:00+05:30,24475.15,24477.0,24465.35,24468.8,0
2025-05-05 13:05:00+05:30,24468.2,24468.6,24453.35,24455.9,0
2025-05-05 13:10:00+05:30,24455.7,24458.15,24443.35,24451.05,0
2025-05-05 13:15:00+05:30,24451.25,24456.85,24435.75,24439.7,0
2025-05-05 13:20:00+05:30,24439.3,24458.9,24434.05,24456.45,0
2025-05-05 13:25:00+05:30,24456.45,24463.6,24450.95,24454.7,0
2025-05-05 13:30:00+05:30,24453.7,24470.7,24450.85,24467.75,0
2025-05-05 13:35:00+05:30,24466.75,24471.95,24461.1,24470.85,0
2025-05-05 13:40:00+05:30,24470.6,24476.05,24469.35,24473.65,0
2025-05-05 13:45:00+05:30,24473.85,24482.3,24469.5,24473.3,0
2025-05-05 13:50:00+05:30,24473.35,24482.75,24471.25,24480.6,0
2025-05-05 13:55:00+05:30,24480.75,24492.9,24476.4,24482.6,0
2025-05-05 14:00:00+05:30,24482.75,24488.05,24474.85,24480.15,0
2025-05-05 14:05:00+05:30,24479.95,24490.35,24472.65,24487.7,0
2025-05-05 14:10:00+05:30,24487.35,24489.05,24472.55,24472.9,0
2025-05-05 14:15:00+05:30,24473.9,24476.0,24464.65,24465.5,0
2025-05-05 14:20:00+05:30,24465.65,24465.65,24455.45,24457.45,0
2025-05-05 14:25:00+05:30,24457.35,24468.65,24455.0,24464.35,0
2025-05-05 14:30:00+05:30,24465.35,24492.15,24464.7,24487.6,0
2025-05-05 14:35:00+05:30,24487.55,24490.25,24477.5,24482.8,0
2025-05-05 14:40:00+05:30,24482.7,24485.6,24471.3,24475.95,0
2025-05-05 14:45:00+05:30,24475.7,24481.8,24471.85,24481.15,0
2025-05-05 14:50:00+05:30,24480.5,24483.65,24473.8,24483.3,0
2025-05-05 14:55:00+05:30,24482.9,24487.0,24467.9,24471.15,0
2025-05-05 15:00:00+05:30,24471.1,24474.0,24453.0,24457.15,0
2025-05-05 15:05:00+05:30,24456.8,24457.8,24442.15,24456.25,0
2025-05-05 15:10:00+05:30,24457.05,24457.05,24446.85,24448.3,0
2025-05-05 15:15:00+05:30,24448.6,24474.2,24447.5,24470.4,0
2025-05-05 15:20:00+05:30,24470.15,24474.5,24464.0,24473.45,0
2025-05-05 15:25:00+05:30,24472.6,24475.2,24457.2,24459.5,0
2025-05-06 09:15:00+05:30,24500.75,24509.65,24445.8,24455.85,0
2025-05-06 09:20:00+05:30,24454.95,24459.95,24432.5,24437.75,0
2025-05-06 09:25:00+05:30,24436.95,24453.1,24421.0,24433.0,0
2025-05-06 09:30:00+05:30,24433.1,24473.5,24424.1,24470.35,0
2025-05-06 09:35:00+05:30,24469.3,24477.05,24452.15,24454.75,0
2025-05-06 09:40:00+05:30,24453.85,24468.75,24436.5,24458.1,0
2025-05-06 09:45:00+05:30,24457.65,24459.5,24438.9,24441.45,0
2025-05-06 09:50:00+05:30,24440.55,24442.1,24403.1,24404.5,0
2025-05-06 09:55:00+05:30,24405.0,24412.05,24388.55,24391.65,0
2025-05-06 10:00:00+05:30,24391.0,24402.6,24379.8,24400.2,0
2025-05-06 10:05:00+05:30,24401.1,24414.35,24387.15,24395.1,0
2025-05-06 10:10:00+05:30,24394.7,24406.85,24384.5,24389.7,0
2025-05-06 10:15:00+05:30,24388.7,24392.1,24373.0,24379.25,0
2025-05-06 10:20:00+05:30,24379.95,24382.45,24369.1,24369.95,0
2025-05-06 10:25:00+05:30,24370.1,24386.5,24369.75,24385.8,0
2025-05-06 10:30:00+05:30,24385.95,24392.8,24375.5,24383.55,0
2025-05-06 10:35:00+05:30,24383.75,24390.15,24376.3,24389.0,0
2025-05-06 10:40:00+05:30,24389.7,24399.2,24385.55,24397.05,0
2025-05-06 10:45:00+05:30,24397.6,24402.95,24389.75,24390.7,0
2025-05-06 10:50:00+05:30,24391.9,24395.55,24384.7,24387.2,0
2025-05-06 10:55:00+05:30,24386.65,24406.15,24385.8,24403.05,0
2025-05-06 11:00:00+05:30,24403.55,24405.25,24389.05,24395.3,0
2025-05-06 11:05:00+05:30,24394.2,24399.4,24388.8,24393.0,0
2025-05-06 11:10:00+05:30,24392.55,24396.35,24386.1,24387.95,0
2025-05-06 11:15:00+05:30,24388.1,24390.35,24374.85,24376.0,0
2025-05-06 11:20:00+05:30,24375.9,24382.5,24373.75,24377.9,0
2025-05-06 11:25:00+05:30,24376.35,24378.9,24366.65,24371.75,0
2025-05-06 11:30:00+05:30,24372.15,24375.45,24366.2,24369.1,0
2025-05-06 11:35:00+05:30,24369.65,24375.45,24361.75,24363.75,0
2025-05-06 11:40:00+05:30,24364.7,24366.4,24356.75,24361.15,0
2025-05-06 11:45:00+05:30,24359.8,24370.1,24357.35,24364.9,0
2025-05-06 11:50:00+05:30,24364.2,24387.0,24359.95,24384.3,0
2025-05-06 11:55:00+05:30,24385.75,24393.3,24374.6,24378.45,0
2025-05-06 12:00:00+05:30,24377.75,24396.85,24372.25,24384.95,0
2025-05-06 12:05:00+05:30,24385.65,24389.95,24373.0,24389.0,0
2025-05-06 12:10:00+05:30,24388.9,24395.65,24381.65,24392.2,0
2025-05-06 12:15:00+05:30,24390.4,24399.6,24386.1,24396.9,0
2025-05-06 12:20:00+05:30,24396.7,24402.05,24391.4,24394.8,0
2025-05-06 12:25:00+05:30,24393.35,24397.4,24384.5,24393.45,0
2025-05-06 12:30:00+05:30,24392.95,24398.55,24384.1,24386.95,0
2025-05-06 12:35:00+05:30,24386.6,24389.9,24378.1,24385.25,0
2025-05-06 12:40:00+05:30,24384.45,24390.5,24378.9,24385.35,0
2025-05-06 12:45:00+05:30,24384.05,24387.6,24375.2,24383.6,0
2025-05-06 12:50:00+05:30,24382.3,24384.7,24372.95,24379.85,0
2025-05-06 12:55:00+05:30,24379.65,24388.75,24373.3,24378.35,0
2025-05-06 13:00:00+05:30,24376.4,24378.75,24367.85,24370.75,0
2025-05-06 13:05:00+05:30,24370.0,24394.2,24367.05,24381.6,0
2025-05-06 13:10:00+05:30,24379.45,24385.05,24372.75,24383.25,0
2025-05-06 13:15:00+05:30,24382.8,24390.65,24377.45,24389.55,0
2025-05-06 13:20:00+05:30,24387.55,24388.5,24376.0,24379.3,0
2025-05-06 13:25:00+05:30,24379.5,24394.35,24376.25,24389.2,0
2025-05-06 13:30:00+05:30,24387.85,24393.9,24384.95,24388.85,0
2025-05-06 13:35:00+05:30,24386.65,24396.05,24386.55,24394.1,0
2025-05-06 13:40:00+05:30,24393.1,24395.75,24385.55,24391.6,0
2025-05-06 13:45:00+05:30,24390.05,24395.95,24386.5,24392.05,0
2025-05-06 13:50:00+05:30,24391.75,24400.95,24388.4,24400.95,0
2025-05-06 13:55:00+05:30,24399.65,24405.5,24395.1,24405.5,0
2025-05-06 14:00:00+05:30,24405.55,24408.4,24387.1,24391.15,0
2025-05-06 14:05:00+05:30,24390.8,24392.9,24379.05,24387.95,0
2025-05-06 14:10:00+05:30,24387.35,24390.8,24380.75,24389.05,0
2025-05-06 14:15:00+05:30,24387.25,24390.65,24379.8,24383.95,0
2025-05-06 14:20:00+05:30,24381.35,24384.75,24361.9,24368.0,0
2025-05-06 14:25:00+05:30,24366.95,24378.0,24362.55,24373.75,0
2025-05-06 14:30:00+05:30,24372.85,24380.95,24370.35,24376.45,0
2025-05-06 14:35:00+05:30,24375.8,24385.55,24373.95,24382.3,0
2025-05-06 14:40:00+05:30,24381.6,24384.5,24372.3,24379.9,0
2025-05-06 14:45:00+05:30,24377.5,24382.8,24367.6,24373.7,0
2025-05-06 14:50:00+05:30,24373.45,24376.75,24364.15,24368.3,0
2025-05-06 14:55:00+05:30,24367.4,24372.25,24355.5,24368.55,0
2025-05-06 15:00:00+05:30,24365.5,24393.5,24365.5,24390.0,0
2025-05-06 15:05:00+05:30,24390.75,24399.85,24387.1,24399.85,0
2025-05-06 15:10:00+05:30,24398.85,24400.65,24386.4,24387.65,0
2025-05-06 15:15:00+05:30,24387.7,24389.25,24360.95,24365.2,0
2025-05-06 15:20:00+05:30,24364.6,24373.3,24364.6,24368.15,0
2025-05-06 15:25:00+05:30,24368.4,24376.0,24331.8,24335.9,0
2025-05-07 09:15:00+05:30,24233.3,24387.4,24220.0,24365.9,0
2025-05-07 09:20:00+05:30,24366.25,24381.35,24349.2,24359.95,0
2025-05-07 09:25:00+05:30,24360.45,24436.6,24360.05,24427.2,0
2025-05-07 09:30:00+05:30,24428.5,24448.6,24413.1,24447.4,0
2025-05-07 09:35:00+05:30,24446.45,24449.6,24396.0,24403.65,0
2025-05-07 09:40:00+05:30,24403.35,24419.0,24391.3,24402.85,0
2025-05-07 09:45:00+05:30,24402.1,24404.55,24335.2,24356.25,0
2025-05-07 09:50:00+05:30,24357.2,24362.7,24320.05,24326.05,0
2025-05-07 09:55:00+05:30,24327.3,24377.15,24326.6,24359.15,0
2025-05-07 10:00:00+05:30,24358.65,24369.15,24336.5,24355.8,0
2025-05-07 10:05:00+05:30,24357.05,24357.05,24304.15,24304.95,0
2025-05-07 10:10:00+05:30,24304.85,24312.75,24290.3,24304.1,0
2025-05-07 10:15:00+05:30,24303.5,24306.6,24289.7,24291.3,0
2025-05-07 10:20:00+05:30,24290.3,24353.45,24285.0,24348.35,0
2025-05-07 10:25:00+05:30,24349.25,24359.65,24328.55,24329.25,0
2025-05-07 10:30:00+05:30,24329.8,24372.85,24329.2,24372.85,0
2025-05-07 10:35:00+05:30,24372.25,24372.25,24350.85,24362.2,0
2025-05-07 10:40:00+05:30,24362.5,24369.6,24352.1,24355.9,0
2025-05-07 10:45:00+05:30,24356.9,24372.0,24354.05,24364.75,0
2025-05-07 10:50:00+05:30,24365.05,24369.8,24338.2,24339.0,0
2025-05-07 10:55:00+05:30,24338.75,24343.2,24324.75,24335.8,0
2025-05-07 11:00:00+05:30,24334.75,24366.4,24334.75,24362.2,0
2025-05-07 11:05:00+05:30,24362.55,24363.35,24350.55,24357.4,0
2025-05-07 11:10:00+05:30,24357.75,24373.75,24353.85,24372.6,0
2025-05-07 11:15:00+05:30,24372.5,24400.2,24372.5,24394.6,0
2025-05-07 11:20:00+05:30,24394.7,24404.4,24393.0,24402.45,0
2025-05-07 11:25:00+05:30,24402.85,24416.2,24402.65,24406.45,0
2025-05-07 11:30:00+05:30,24406.55,24430.4,24406.55,24425.05,0
2025-05-07 11:35:00+05:30,24425.9,24427.35,24402.45,24413.55,0
2025-05-07 11:40:00+05:30,24413.8,24415.6,24405.75,24408.95,0
2025-05-07 11:45:00+05:30,24408.8,24408.8,24370.25,24370.25,0
2025-05-07 11:50:00+05:30,24370.55,24374.0,24349.75,24356.95,0
2025-05-07 11:55:00+05:30,24356.8,24372.5,24354.75,24357.75,0
2025-05-07 12:00:00+05:30,24358.3,24364.8,24352.9,24363.25,0
2025-05-07 12:05:00+05:30,24363.15,24381.55,24359.3,24377.7,0
2025-05-07 12:10:00+05:30,24378.2,24382.55,24372.0,24374.85,0
2025-05-07 12:15:00+05:30,24374.65,24390.5,24365.65,24382.75,0
2025-05-07 12:20:00+05:30,24382.95,24389.8,24371.1,24374.1,0
2025-05-07 12:25:00+05:30,24374.35,24391.4,24373.15,24387.35,0
2025-05-07 12:30:00+05:30,24387.55,24398.25,24385.05,24394.85,0
2025-05-07 12:35:00+05:30,24394.65,24395.1,24380.95,24384.9,0
2025-05-07 12:40:00+05:30,24384.6,24392.9,24383.3,24388.35,0
2025-05-07 12:45:00+05:30,24388.65,24394.8,24388.65,24392.6,0
2025-05-07 12:50:00+05:30,24392.65,24400.4,24390.65,24392.45,0
2025-05-07 12:55:00+05:30,24392.2,24393.65,24380.35,24382.95,0
2025-05-07 13:00:00+05:30,24382.35,24383.35,24366.2,24367.2,0
2025-05-07 13:05:00+05:30,24366.85,24368.0,24354.95,24356.65,0
2025-05-07 13:10:00+05:30,24357.5,24364.7,24356.9,24362.05,0
2025-05-07 13:15:00+05:30,24362.0,24372.65,24361.65,24365.2,0
2025-05-07 13:20:00+05:30,24365.45,24369.15,24357.95,24361.9,0
2025-05-07 13:25:00+05:30,24362.1,24365.65,24356.4,24356.9,0
2025-05-07 13:30:00+05:30,24356.85,24364.0,24351.8,24357.0,0
2025-05-07 13:35:00+05:30,24357.2,24358.35,24345.35,24356.05,0
2025-05-07 13:40:00+05:30,24355.9,24357.0,24345.9,24355.9,0
2025-05-07 13:45:00+05:30,24355.7,24360.35,24346.15,24358.1,0
2025-05-07 13:50:00+05:30,24358.25,24364.1,24354.25,24355.9,0
2025-05-07 13:55:00+05:30,24356.85,24372.95,24354.15,24371.25,0
2025-05-07 14:00:00+05:30,24372.9,24391.25,24368.3,24389.75,0
2025-05-07 14:05:00+05:30,24390.35,24409.15,24387.5,24407.95,0
2025-05-07 14:10:00+05:30,24408.4,24422.95,24403.3,24406.9,0
2025-05-07 14:15:00+05:30,24410.95,24416.85,24393.9,24394.25,0
2025-05-07 14:20:00+05:30,24397.35,24397.35,24367.85,24373.95,0
2025-05-07 14:25:00+05:30,24376.4,24397.7,24371.6,24392.8,0
2025-05-07 14:30:00+05:30,24394.35,24415.0,24390.25,24412.7,0
2025-05-07 14:35:00+05:30,24413.45,24426.05,24410.0,24412.05,0
2025-05-07 14:40:00+05:30,24412.75,24418.35,24400.75,24414.7,0
2025-05-07 14:45:00+05:30,24416.15,24416.9,24404.65,24411.25,0
2025-05-07 14:50:00+05:30,24411.55,24411.55,24396.95,24398.35,0
2025-05-07 14:55:00+05:30,24398.9,24417.45,24394.4,24395.35,0
2025-05-07 15:00:00+05:30,24395.7,24424.05,24395.7,24419.1,0
2025-05-07 15:05:00+05:30,24418.6,24422.6,24410.85,24413.6,0
2025-05-07 15:10:00+05:30,24412.25,24415.1,24403.45,24407.05,0
2025-05-07 15:15:00+05:30,24406.8,24425.05,24406.55,24411.0,0
2025-05-07 15:20:00+05:30,24409.75,24413.4,24406.2,24412.3,0
2025-05-07 15:25:00+05:30,24410.6,24420.3,24403.8,24409.3,0
2025-05-08 09:15:00+05:30,24431.5,24447.25,24393.6,24398.05,0
2025-05-08 09:20:00+05:30,24398.45,24413.05,24381.95,24409.95,0
2025-05-08 09:25:00+05:30,24409.75,24416.95,24391.45,24392.3,0
2025-05-08 09:30:00+05:30,24393.35,24395.1,24373.45,24381.8,0
2025-05-08 09:35:00+05:30,24382.0,24406.65,24378.65,24394.5,0
2025-05-08 09:40:00+05:30,24394.2,24396.0,24378.0,24391.5,0
2025-05-08 09:45:00+05:30,24391.9,24394.65,24375.85,24376.3,0
2025-05-08 09:50:00+05:30,24377.35,24387.7,24373.85,24384.0,0
2025-05-08 09:55:00+05:30,24384.05,24387.15,24376.95,24380.3,0
2025-05-08 10:00:00+05:30,24380.2,24402.2,24380.2,24400.35,0
2025-05-08 10:05:00+05:30,24399.55,24400.85,24392.4,24392.85,0
2025-05-08 10:10:00+05:30,24393.35,24396.5,24387.9,24391.55,0
2025-05-08 10:15:00+05:30,24391.65,24395.65,24384.35,24389.6,0
2025-05-08 10:20:00+05:30,24389.55,24407.65,24387.75,24405.7,0
2025-05-08 10:25:00+05:30,24404.75,24412.3,24402.6,24404.45,0
2025-05-08 10:30:00+05:30,24404.4,24409.45,24394.85,24408.1,0
2025-05-08 10:35:00+05:30,24407.25,24408.7,24390.45,24392.5,0
2025-05-08 10:40:00+05:30,24392.45,24402.55,24388.0,24398.9,0
2025-05-08 10:45:00+05:30,24398.8,24404.3,24390.3,24398.6,0
2025-05-08 10:50:00+05:30,24398.75,24405.65,24398.0,24404.05,0
2025-05-08 10:55:00+05:30,24403.4,24405.9,24393.2,24397.25,0
2025-05-08 11:00:00+05:30,24396.6,24403.85,24396.45,24397.15,0
2025-05-08 11:05:00+05:30,24395.5,24405.0,24395.15,24402.6,0
2025-05-08 11:10:00+05:30,24402.2,24407.8,24397.15,24398.05,0
2025-05-08 11:15:00+05:30,24397.45,24408.9,24397.45,24406.65,0
2025-05-08 11:20:00+05:30,24405.95,24410.75,24405.85,24408.3,0
2025-05-08 11:25:00+05:30,24408.1,24415.8,24407.65,24412.3,0
2025-05-08 11:30:00+05:30,24411.3,24413.6,24407.1,24407.85,0
2025-05-08 11:35:00+05:30,24407.05,24412.0,24403.6,24407.75,0
2025-05-08 11:40:00+05:30,24407.25,24410.25,24405.2,24408.55,0
2025-05-08 11:45:00+05:30,24407.45,24410.2,24398.3,24402.75,0
2025-05-08 11:50:00+05:30,24401.7,24407.1,24398.45,24400.7,0
2025-05-08 11:55:00+05:30,24400.7,24403.65,24398.25,24401.3,0
2025-05-08 12:00:00+05:30,24401.85,24404.25,24397.25,24400.8,0
2025-05-08 12:05:00+05:30,24400.7,24403.8,24396.7,24398.2,0
2025-05-08 12:10:00+05:30,24397.8,24404.1,24397.15,24403.4,0
2025-05-08 12:15:00+05:30,24403.25,24411.2,24399.6,24401.05,0
2025-05-08 12:20:00+05:30,24400.1,24406.95,24399.25,24403.35,0
2025-05-08 12:25:00+05:30,24403.35,24408.6,24400.4,24402.35,0
2025-05-08 12:30:00+05:30,24401.45,24405.3,24399.7,24401.45,0
2025-05-08 12:35:00+05:30,24400.9,24404.5,24398.1,24403.1,0
2025-05-08 12:40:00+05:30,24403.1,24404.05,24395.35,24397.15,0
2025-05-08 12:45:00+05:30,24396.2,24399.95,24395.2,24398.25,0
2025-05-08 12:50:00+05:30,24398.2,24403.9,24394.0,24399.8,0
2025-05-08 12:55:00+05:30,24398.35,24401.05,24395.15,24400.1,0
2025-05-08 13:00:00+05:30,24399.55,24399.9,24392.6,24394.65,0
2025-05-08 13:05:00+05:30,24392.8,24396.3,24387.15,24390.2,0
2025-05-08 13:10:00+05:30,24390.25,24392.75,24381.05,24385.95,0
2025-05-08 13:15:00+05:30,24384.85,24386.7,24370.5,24377.05,0
2025-05-08 13:20:00+05:30,24375.6,24378.35,24349.05,24355.55,0
2025-05-08 13:25:00+05:30,24354.4,24371.95,24350.6,24366.55,0
2025-05-08 13:30:00+05:30,24365.35,24375.85,24361.65,24370.7,0
2025-05-08 13:35:00+05:30,24368.55,24371.05,24330.55,24341.45,0
2025-05-08 13:40:00+05:30,24340.6,24345.0,24330.45,24337.45,0
2025-05-08 13:45:00+05:30,24336.65,24361.1,24322.9,24357.25,0
2025-05-08 13:50:00+05:30,24357.35,24360.4,24335.4,24340.1,0
2025-05-08 13:55:00+05:30,24338.2,24341.2,24322.55,24330.4,0
2025-05-08 14:00:00+05:30,24330.85,24344.2,24329.95,24337.9,0
2025-05-08 14:05:00+05:30,24336.3,24344.45,24326.35,24331.45,0
2025-05-08 14:10:00+05:30,24329.6,24332.9,24313.5,24316.95,0
2025-05-08 14:15:00+05:30,24317.55,24345.8,24314.8,24326.6,0
2025-05-08 14:20:00+05:30,24325.1,24341.55,24325.1,24337.55,0
2025-05-08 14:25:00+05:30,24334.85,24354.6,24334.3,24349.75,0
2025-05-08 14:30:00+05:30,24348.8,24357.3,24339.7,24340.55,0
2025-05-08 14:35:00+05:30,24341.0,24348.8,24337.45,24343.55,0
2025-05-08 14:40:00+05:30,24343.0,24343.55,24331.15,24338.2,0
2025-05-08 14:45:00+05:30,24338.05,24339.9,24309.25,24318.35,0
2025-05-08 14:50:00+05:30,24317.35,24317.85,24260.9,24263.05,0
2025-05-08 14:55:00+05:30,24260.85,24294.9,24244.0,24262.2,0
2025-05-08 15:00:00+05:30,24267.75,24294.6,24247.7,24286.6,0
2025-05-08 15:05:00+05:30,24286.65,24322.6,24286.65,24318.45,0
2025-05-08 15:10:00+05:30,24319.9,24322.1,24302.9,24309.15,0
2025-05-08 15:15:00+05:30,24308.45,24310.9,24266.4,24266.95,0
2025-05-08 15:20:00+05:30,24266.1,24268.1,24213.4,24213.75,0
2025-05-08 15:25:00+05:30,24214.45,24223.5,24150.2,24154.1,0
2025-05-09 09:15:00+05:30,23935.75,24158.7,23935.75,24116.75,0
2025-05-09 09:20:00+05:30,24113.5,24161.1,24059.8,24090.0,0
2025-05-09 09:25:00+05:30,24090.8,24164.25,24069.9,24080.8,0
2025-05-09 09:30:00+05:30,24083.55,24097.8,24039.15,24047.0,0
2025-05-09 09:35:00+05:30,24044.9,24087.8,24041.5,24085.7,0
2025-05-09 09:40:00+05:30,24086.35,24122.7,24083.3,24090.5,0
2025-05-09 09:45:00+05:30,24092.25,24111.7,24051.8,24051.8,0
2025-05-09 09:50:00+05:30,24052.0,24066.45,24031.6,24032.3,0
2025-05-09 09:55:00+05:30,24031.65,24048.2,24011.1,24012.5,0
2025-05-09 10:00:00+05:30,24012.6,24016.7,23972.55,23977.65,0
2025-05-09 10:05:00+05:30,23977.6,23993.9,23949.2,23985.8,0
2025-05-09 10:10:00+05:30,23985.35,24063.45,23978.7,24060.65,0
2025-05-09 10:15:00+05:30,24061.2,24086.75,24045.05,24048.9,0
2025-05-09 10:20:00+05:30,24048.7,24074.35,24030.55,24062.55,0
2025-05-09 10:25:00+05:30,24061.9,24061.95,24031.2,24046.7,0
2025-05-09 10:30:00+05:30,24046.6,24057.3,24030.5,24031.75,0
2025-05-09 10:35:00+05:30,24030.4,24063.25,24016.75,24018.3,0
2025-05-09 10:40:00+05:30,24018.9,24029.2,24007.75,24009.25,0
2025-05-09 10:45:00+05:30,24008.65,24019.0,24004.75,24008.8,0
2025-05-09 10:50:00+05:30,24008.4,24016.95,23978.0,23980.25,0
2025-05-09 10:55:00+05:30,23981.1,23995.1,23976.65,23987.3,0
2025-05-09 11:00:00+05:30,23987.45,24010.9,23987.45,24008.55,0
2025-05-09 11:05:00+05:30,24008.05,24017.2,23996.3,23996.8,0
2025-05-09 11:10:00+05:30,23996.35,24015.05,23989.4,24012.85,0
2025-05-09 11:15:00+05:30,24012.3,24022.5,24005.4,24010.35,0
2025-05-09 11:20:00+05:30,24010.8,24030.65,23999.45,24024.8,0
2025-05-09 11:25:00+05:30,24023.8,24094.0,24022.6,24093.9,0
2025-05-09 11:30:00+05:30,24093.0,24121.3,24082.5,24093.2,0
2025-05-09 11:35:00+05:30,24091.75,24094.05,24067.65,24077.7,0
2025-05-09 11:40:00+05:30,24077.6,24083.35,24057.55,24057.55,0
2025-05-09 11:45:00+05:30,24055.9,24060.75,24013.95,24018.35,0
2025-05-09 11:50:00+05:30,24019.5,24045.2,24019.15,24038.9,0
2025-05-09 11:55:00+05:30,24038.55,24060.85,24036.4,24055.3,0
2025-05-09 12:00:00+05:30,24053.65,24056.1,24024.0,24025.95,0
2025-05-09 12:05:00+05:30,24026.5,24043.9,24025.0,24042.2,0
2025-05-09 12:10:00+05:30,24042.25,24053.5,24031.8,24049.7,0
2025-05-09 12:15:00+05:30,24049.85,24054.55,24027.15,24027.9,0
2025-05-09 12:20:00+05:30,24027.2,24036.15,24010.15,24034.2,0
2025-05-09 12:25:00+05:30,24032.95,24044.95,24030.5,24036.4,0
2025-05-09 12:30:00+05:30,24036.15,24036.15,24010.75,24012.05,0
2025-05-09 12:35:00+05:30,24011.55,24026.95,24008.75,24014.25,0
2025-05-09 12:40:00+05:30,24013.75,24022.2,24004.85,24006.85,0
2025-05-09 12:45:00+05:30,24006.8,24023.65,24001.85,24023.65,0
2025-05-09 12:50:00+05:30,24023.25,24045.6,24022.25,24042.0,0
2025-05-09 12:55:00+05:30,24042.0,24042.5,24017.8,24033.35,0
2025-05-09 13:00:00+05:30,24032.65,24038.5,24011.9,24017.35,0
2025-05-09 13:05:00+05:30,24017.1,24017.8,23992.8,23998.9,0
2025-05-09 13:10:00+05:30,23998.9,24021.1,23995.95,24009.25,0
2025-05-09 13:15:00+05:30,24008.8,24024.7,24007.85,24023.8,0
2025-05-09 13:20:00+05:30,24022.4,24022.95,23976.2,23977.95,0
2025-05-09 13:25:00+05:30,23977.95,23987.9,23961.7,23966.9,0
2025-05-09 13:30:00+05:30,23965.75,23998.5,23963.8,23976.0,0
2025-05-09 13:35:00+05:30,23975.8,23984.65,23971.55,23979.45,0
2025-05-09 13:40:00+05:30,23978.75,23986.85,23965.4,23980.65,0
2025-05-09 13:45:00+05:30,23980.35,23995.6,23972.85,23977.5,0
2025-05-09 13:50:00+05:30,23976.7,24013.5,23976.45,24013.5,0
2025-05-09 13:55:00+05:30,24011.9,24013.35,23978.55,23980.75,0
2025-05-09 14:00:00+05:30,23978.4,24011.3,23977.95,23992.75,0
2025-05-09 14:05:00+05:30,23992.35,24000.1,23980.15,23998.3,0
2025-05-09 14:10:00+05:30,23998.1,24009.65,23987.45,24005.05,0
2025-05-09 14:15:00+05:30,24004.6,24032.75,24003.5,24011.85,0
2025-05-09 14:20:00+05:30,24011.7,24016.7,23975.9,23978.0,0
2025-05-09 14:25:00+05:30,23977.55,23980.35,23960.95,23965.45,0
2025-05-09 14:30:00+05:30,23964.95,23995.55,23963.2,23982.6,0
2025-05-09 14:35:00+05:30,23982.4,23987.65,23974.2,23981.6,0
2025-05-09 14:40:00+05:30,23981.4,23992.25,23975.6,23987.3,0
2025-05-09 14:45:00+05:30,23986.15,24003.8,23985.65,24003.0,0
2025-05-09 14:50:00+05:30,24002.1,24025.7,24000.5,24003.9,0
2025-05-09 14:55:00+05:30,24003.15,24016.75,23998.45,24016.75,0
2025-05-09 15:00:00+05:30,24013.8,24017.55,23988.45,23995.9,0
2025-05-09 15:05:00+05:30,23993.4,24013.15,23993.4,24001.55,0
2025-05-09 15:10:00+05:30,23999.6,24003.95,23993.2,24000.55,0
2025-05-09 15:15:00+05:30,23999.3,24019.05,23997.35,24019.05,0
2025-05-09 15:20:00+05:30,24017.6,24022.85,24001.1,24022.05,0
2025-05-09 15:25:00+05:30,24020.0,24046.9,24017.45,24038.65,0
2025-05-12 09:15:00+05:30,24420.1,24563.4,24378.85,24561.4,0
2025-05-12 09:20:00+05:30,24562.45,24590.35,24562.45,24579.95,0
2025-05-12 09:25:00+05:30,24578.65,24597.15,24572.05,24595.2,0
2025-05-12 09:30:00+05:30,24596.1,24620.6,24585.6,24618.65,0
2025-05-12 09:35:00+05:30,24618.55,24633.6,24602.25,24607.15,0
2025-05-12 09:40:00+05:30,24607.85,24621.25,24583.4,24591.7,0
2025-05-12 09:45:00+05:30,24592.85,24614.5,24592.4,24611.65,0
2025-05-12 09:50:00+05:30,24613.15,24677.05,24613.15,24673.95,0
2025-05-12 09:55:00+05:30,24675.45,24737.8,24670.5,24725.0,0
2025-05-12 10:00:00+05:30,24725.55,24731.4,24691.45,24698.8,0
2025-05-12 10:05:00+05:30,24698.45,24701.05,24681.1,24682.0,0
2025-05-12 10:10:00+05:30,24682.3,24689.65,24668.4,24682.65,0
2025-05-12 10:15:00+05:30,24682.3,24708.3,24682.3,24691.05,0
2025-05-12 10:20:00+05:30,24691.1,24718.45,24691.1,24717.45,0
2025-05-12 10:25:00+05:30,24718.05,24723.55,24696.75,24696.9,0
2025-05-12 10:30:00+05:30,24697.5,24712.85,24686.5,24687.75,0
2025-05-12 10:35:00+05:30,24687.15,24700.2,24679.0,24683.1,0
2025-05-12 10:40:00+05:30,24682.8,24700.0,24673.3,24699.75,0
2025-05-12 10:45:00+05:30,24699.95,24700.55,24674.95,24687.05,0
2025-05-12 10:50:00+05:30,24687.15,24691.85,24677.75,24688.75,0
2025-05-12 10:55:00+05:30,24689.1,24694.15,24669.1,24678.2,0
2025-05-12 11:00:00+05:30,24679.3,24694.0,24679.3,24683.75,0
2025-05-12 11:05:00+05:30,24684.1,24711.15,24683.85,24708.4,0
2025-05-12 11:10:00+05:30,24709.65,24714.85,24701.9,24702.85,0
2025-05-12 11:15:00+05:30,24703.2,24709.9,24698.55,24700.8,0
2025-05-12 11:20:00+05:30,24700.95,24725.75,24700.3,24722.75,0
2025-05-12 11:25:00+05:30,24723.15,24745.75,24722.2,24733.3,0
2025-05-12 11:30:00+05:30,24733.15,24744.6,24732.05,24736.1,0
2025-05-12 11:35:00+05:30,24736.0,24739.55,24718.9,24724.5,0
2025-05-12 11:40:00+05:30,24725.05,24730.15,24715.75,24728.2,0
2025-05-12 11:45:00+05:30,24727.4,24731.2,24713.2,24726.15,0
2025-05-12 11:50:00+05:30,24726.75,24727.55,24716.35,24725.25,0
2025-05-12 11:55:00+05:30,24726.3,24729.75,24715.5,24716.85,0
2025-05-12 12:00:00+05:30,24717.3,24724.05,24711.35,24717.05,0
2025-05-12 12:05:00+05:30,24717.25,24728.45,24717.05,24717.5,0
2025-05-12 12:10:00+05:30,24718.0,24724.2,24713.4,24721.3,0
2025-05-12 12:15:00+05:30,24723.3,24727.65,24717.2,24718.3,0
2025-05-12 12:20:00+05:30,24718.7,24722.3,24702.65,24703.7,0
2025-05-12 12:25:00+05:30,24703.0,24705.5,24690.35,24702.45,0
2025-05-12 12:30:00+05:30,24702.35,24787.85,24702.35,24786.3,0
2025-05-12 12:35:00+05:30,24788.05,24803.25,24776.75,24803.2,0
2025-05-12 12:40:00+05:30,24803.2,24806.3,24778.55,24790.0,0
2025-05-12 12:45:00+05:30,24789.9,24792.0,24774.8,24776.5,0
2025-05-12 12:50:00+05:30,24775.55,24783.65,24772.35,24776.6,0
2025-05-12 12:55:00+05:30,24777.55,24802.95,24774.8,24800.9,0
2025-05-12 13:00:00+05:30,24801.45,24807.05,24781.25,24781.25,0
2025-05-12 13:05:00+05:30,24782.15,24798.4,24779.95,24796.25,0
2025-05-12 13:10:00+05:30,24796.15,24797.75,24784.45,24789.15,0
2025-05-12 13:15:00+05:30,24789.0,24801.15,24789.0,24799.55,0
2025-05-12 13:20:00+05:30,24799.2,24820.45,24798.5,24818.65,0
2025-05-12 13:25:00+05:30,24818.2,24823.85,24803.7,24821.5,0
2025-05-12 13:30:00+05:30,24821.65,24841.0,24818.2,24836.95,0
2025-05-12 13:35:00+05:30,24836.65,24839.6,24827.3,24837.25,0
2025-05-12 13:40:00+05:30,24838.15,24850.4,24836.0,24843.95,0
2025-05-12 13:45:00+05:30,24845.2,24853.75,24840.75,24844.7,0
2025-05-12 13:50:00+05:30,24846.2,24847.65,24833.75,24835.85,0
2025-05-12 13:55:00+05:30,24835.45,24845.45,24830.1,24843.95,0
2025-05-12 14:00:00+05:30,24844.8,24848.6,24840.95,24843.0,0
2025-05-12 14:05:00+05:30,24843.25,24846.2,24836.0,24839.45,0
2025-05-12 14:10:00+05:30,24840.0,24866.95,24836.65,24866.2,0
2025-05-12 14:15:00+05:30,24866.25,24902.9,24866.25,24887.0,0
2025-05-12 14:20:00+05:30,24887.15,24897.3,24883.6,24892.15,0
2025-05-12 14:25:00+05:30,24892.5,24900.35,24889.15,24898.0,0
2025-05-12 14:30:00+05:30,24897.1,24907.2,24874.45,24878.55,0
2025-05-12 14:35:00+05:30,24878.25,24888.7,24864.85,24866.15,0
2025-05-12 14:40:00+05:30,24866.5,24878.25,24854.75,24862.35,0
2025-05-12 14:45:00+05:30,24862.2,24881.5,24858.2,24877.7,0
2025-05-12 14:50:00+05:30,24874.75,24898.05,24871.15,24894.8,0
2025-05-12 14:55:00+05:30,24894.35,24926.2,24891.6,24921.6,0
2025-05-12 15:00:00+05:30,24920.85,24930.4,24909.2,24909.2,0
2025-05-12 15:05:00+05:30,24909.5,24912.5,24898.35,24905.7,0
2025-05-12 15:10:00+05:30,24905.75,24915.05,24905.15,24907.45,0
2025-05-12 15:15:00+05:30,24906.05,24944.8,24904.75,24941.0,0
2025-05-12 15:20:00+05:30,24941.45,24943.65,24928.65,24934.0,0
2025-05-12 15:25:00+05:30,24932.9,24935.45,24920.25,24920.25,0
